{
    "random_forest": {
        "mean": 0.36295145693578695,
        "std": 0.23621281430327096,
        "scores": [
            0.5365853658536585,
            0.0,
            0.3157894736842105,
            0.2727272727272727,
            0.689655172413793
        ]
    },
    "xgboost": {
        "mean": 0.3448970099667774,
        "std": 0.22143111068670376,
        "scores": [
            0.5116279069767442,
            0.0,
            0.31999999999999995,
            0.6428571428571429,
            0.25
        ]
    }
}