{
    "random_forest": {
        "mean": 0.3878632478632479,
        "std": 0.2524795004874871,
        "scores": [
            0.4615384615384615,
            0.0,
            0.2,
            0.6666666666666667,
            0.611111111111111
        ]
    },
    "xgboost": {
        "mean": 0.33992673992673994,
        "std": 0.2850410025180676,
        "scores": [
            0.4615384615384615,
            0.0,
            0.0,
            0.6666666666666667,
            0.5714285714285715
        ]
    }
}