{
    "random_forest": {
        "mean": 0.5198757763975156,
        "std": 0.0788610635046203,
        "scores": [
            0.47619047619047616,
            0.6666666666666666,
            0.4347826086956522,
            0.5,
            0.5217391304347826
        ]
    },
    "xgboost": {
        "mean": 0.5779228635852955,
        "std": 0.06806882913917627,
        "scores": [
            0.47619047619047616,
            0.5714285714285715,
            0.6842105263157895,
            0.5517241379310345,
            0.6060606060606061
        ]
    }
}